shHC7_maxbin_004	MAG001
shRTF3_metabat_067	MAG001
shHF5_metabat_27	MAG001
shHF2_metabat_19	MAG001
shHF7_metabat_25	MAG001
shHC3_metabat_23	MAG001
shHF1_maxbin_004	MAG001
shHC6_metabat_22	MAG001
shHF6_metabat_032	MAG001
shHF4_maxbin_009	MAG001
shHF3_maxbin_004_sub	MAG001
shRTF5_metabat_058	MAG001
shHC4_metabat_055	MAG001
shHF8_metabat_27_sub	MAG001
shHC5_maxbin_006_sub	MAG001
shHC1_metabat_13	MAG001
shRTF3_metabat_031	MAG002
shRTC2_metabat_11	MAG002
shHF5_metabat_19	MAG002
shHC2_metabat_21	MAG002
shHF7_metabat_13	MAG002
shRTF7_metabat_17	MAG002
shRTC8_maxbin_011_sub	MAG002
shHF4_metabat_037	MAG002
shRTC6_metabat_09_sub	MAG002
shHF2_metabat_25	MAG002
shHC3_metabat_21	MAG002
shRTF8_metabat_19	MAG002
shRTF5_metabat_028	MAG002
shHC7_metabat_27	MAG002
shHC4_metabat_033	MAG002
shHC6_metabat_21	MAG002
shHC5_metabat_25	MAG002
shRTC7_metabat_21	MAG002
shRTF1_metabat_21	MAG002
shRTC3_metabat_46	MAG002
shRTF6_metabat_23	MAG002
shHF3_metabat_25	MAG002
shHC8_metabat_06	MAG002
shRTF4_metabat_23	MAG002
shHF1_metabat_26	MAG002
shRTC5_metabat_05	MAG002
shRTF2_metabat_17	MAG002
shHC1_metabat_20	MAG002
shRTC1_metabat_09	MAG002
shHF6_metabat_021	MAG002
shHF8_metabat_58	MAG003
shRTF2_metabat_57_sub	MAG004
shHF4_metabat_068_sub	MAG005
shRTF6_metabat_12	MAG005
shRTF3_metabat_032	MAG005
shHF7_metabat_42	MAG005
shRTC7_metabat_20_sub	MAG005
shRTC6_metabat_11_sub	MAG005
shHF6_metabat_055	MAG005
shHF5_metabat_31	MAG005
shRTC3_metabat_12	MAG005
shRTF1_metabat_27	MAG005
shHF8_metabat_45_sub	MAG005
shHF1_metabat_27	MAG005
shRTF8_metabat_09	MAG005
shRTF2_metabat_20	MAG005
shRTC2_metabat_41_sub	MAG005
shHF3_metabat_30_sub	MAG005
shRTF5_metabat_048	MAG005
shRTF4_metabat_25_sub	MAG005
shRTC8_metabat_025_sub	MAG005
shRTC1_metabat_22	MAG005
shRTF7_metabat_16	MAG005
shRTC4_metabat_20_sub	MAG005
shHC1_metabat_29	MAG005
shHF4_metabat_073	MAG006
shHF2_metabat_35	MAG006
shHF8_metabat_55	MAG006
shHF1_metabat_43	MAG006
shRTF3_maxbin_017	MAG007
shRTC3_metabat_42	MAG007
shRTC1_metabat_12_sub	MAG008
shRTF3_metabat_021	MAG008
shRTC3_metabat_24	MAG008
shRTF2_metabat_13_sub	MAG008
shRTC8_metabat_029	MAG009
shRTF3_metabat_055	MAG009
shRTF8_metabat_44	MAG009
shHF8_metabat_43	MAG010
shHC1_metabat_25	MAG011
shHF8_metabat_34	MAG012
shHF2_metabat_28	MAG012
shHF5_metabat_38	MAG012
shHF3_metabat_28	MAG012
shHF4_metabat_040	MAG012
shHF6_metabat_039	MAG012
shHC1_metabat_28_sub	MAG012
shHF7_metabat_23	MAG012
shRTF6_maxbin_031_sub	MAG013
shRTF4_metabat_28	MAG014
shRTF1_metabat_30	MAG014
shRTC2_metabat_21	MAG014
shHF5_metabat_17_sub	MAG014
shHF4_metabat_020	MAG014
shHF2_metabat_24	MAG014
shRTF6_maxbin_023_sub	MAG014
shHF8_metabat_25	MAG014
shHF3_metabat_16	MAG014
shRTF3_metabat_038	MAG014
shRTF6_metabat_05_sub	MAG015
shRTC6_metabat_04	MAG015
shRTC2_metabat_47	MAG016
shHF5_metabat_60	MAG017
shHF8_metabat_33	MAG017
shRTC8_metabat_040	MAG018
shRTC4_metabat_24	MAG018
shRTC2_metabat_52	MAG018
shRTF5_metabat_010	MAG018
shRTC5_metabat_16	MAG018
shHF5_metabat_55_sub	MAG019
shHF3_metabat_55	MAG019
shRTF4_maxbin_014_sub	MAG020
shRTC4_maxbin_009	MAG020
shRTC1_metabat_13	MAG020
shHC3_metabat_32_sub	MAG020
shRTC2_maxbin_011	MAG020
shRTF2_metabat_25	MAG020
shHC1_metabat_11	MAG021
shRTF5_metabat_011	MAG021
shHC6_metabat_27	MAG021
shHC3_metabat_12	MAG021
shHF4_metabat_016	MAG021
shRTF2_metabat_34	MAG021
shHF7_metabat_12	MAG021
shHF1_metabat_10	MAG021
shHC2_metabat_25	MAG021
shHF2_metabat_16	MAG021
shHC7_metabat_19	MAG021
shRTC5_metabat_29	MAG021
shHF5_metabat_11	MAG021
shRTF3_metabat_019	MAG021
shRTF6_metabat_08	MAG021
shRTC3_metabat_41	MAG021
shHF6_metabat_038	MAG021
shHF3_metabat_09	MAG021
shRTC8_metabat_014	MAG021
shRTC7_metabat_43	MAG021
shRTF8_metabat_06	MAG021
shHC4_metabat_024	MAG021
shHC5_metabat_08	MAG021
shHF8_metabat_15	MAG021
shRTF7_metabat_03	MAG021
shHF5_metabat_30	MAG022
shRTC2_metabat_20	MAG022
shHF1_metabat_25	MAG022
shRTF1_metabat_20	MAG022
shRTF4_metabat_46	MAG022
shRTF2_metabat_22	MAG022
shHF4_metabat_014	MAG023
shHC2_maxbin_012	MAG023
shHF1_maxbin_006_sub	MAG023
shHC1_maxbin_006	MAG023
shHC4_metabat_017	MAG023
shHF2_maxbin_011	MAG023
shHF6_metabat_057	MAG024
shHF1_metabat_40	MAG024
shHF6_metabat_015_sub	MAG025
shHC6_metabat_07_sub	MAG025
shRTF8_metabat_34	MAG026
shRTC8_metabat_013	MAG026
shRTC3_metabat_49	MAG026
shRTF3_metabat_007	MAG026
shRTF8_metabat_41	MAG027
shHF8_metabat_70	MAG027
shHF5_metabat_35	MAG027
shHF6_metabat_074	MAG027
shRTF6_metabat_36	MAG027
shHF2_metabat_45	MAG027
shRTF2_metabat_46	MAG027
shHF3_metabat_53	MAG027
shHF1_metabat_51	MAG028
shHF2_metabat_41	MAG028
shHF5_metabat_57	MAG028
shHF8_metabat_62	MAG028
shHF3_metabat_58	MAG028
shHF6_metabat_035	MAG028
shHF4_metabat_038	MAG028
shRTF3_metabat_063	MAG029
shRTF4_metabat_18	MAG030
shRTF6_metabat_07_sub	MAG030
shHF6_maxbin_023_sub	MAG030
shRTC6_metabat_17_sub	MAG030
shHF5_maxbin_003	MAG031
shHF1_metabat_02	MAG031
shRTC5_metabat_19	MAG031
shHC1_maxbin_011	MAG031
shHC8_metabat_16	MAG031
shHC7_maxbin_002	MAG031
shHF2_maxbin_002	MAG031
shHC5_maxbin_007	MAG031
shHF3_maxbin_003	MAG031
shRTF7_metabat_31	MAG031
shHC6_maxbin_010	MAG031
shHF4_maxbin_003	MAG031
shRTF4_maxbin_017	MAG031
shRTF3_metabat_070_sub	MAG031
shHC4_maxbin_003_sub	MAG031
shHF7_maxbin_004	MAG031
shHC3_maxbin_008	MAG031
shRTF5_metabat_001	MAG031
shHC2_metabat_02	MAG031
shHF8_maxbin_002	MAG031
shRTC4_metabat_07	MAG031
shHF6_metabat_007	MAG031
shHF1_metabat_37	MAG032
shHF3_metabat_19	MAG032
shRTC3_maxbin_021	MAG032
shHF6_metabat_016	MAG032
shHC7_maxbin_008	MAG032
shHF8_metabat_31	MAG032
shHC6_metabat_08	MAG032
shRTF3_metabat_017	MAG032
shHC3_metabat_10_sub	MAG032
shHC1_maxbin_014	MAG032
shHF7_metabat_18	MAG033
shHF8_metabat_17	MAG033
shHF6_metabat_012	MAG034
shHC5_metabat_35	MAG034
shHC6_metabat_36	MAG034
shHF5_metabat_05	MAG034
shHF2_metabat_01	MAG034
shHC4_maxbin_007	MAG034
shHF4_maxbin_006	MAG034
shHC1_metabat_05	MAG034
shHF8_maxbin_011	MAG034
shHF1_metabat_48	MAG034
shHC7_metabat_36	MAG034
shHF3_metabat_49	MAG034
shHC4_metabat_012	MAG035
shHF3_maxbin_030	MAG035
shHC6_metabat_04	MAG035
shHC5_metabat_34	MAG035
shHF6_metabat_002	MAG035
shHF5_maxbin_036	MAG035
shHF4_metabat_004	MAG035
shHF5_metabat_52	MAG036
shHF1_metabat_46	MAG036
shHC1_metabat_47	MAG036
shHF4_metabat_063	MAG036
shHF3_metabat_45	MAG036
shHF8_metabat_22	MAG037
shRTC8_metabat_012	MAG037
shHC5_metabat_11	MAG037
shHF1_metabat_18	MAG037
shRTC5_metabat_13	MAG037
shHC3_metabat_15_sub	MAG037
shRTC3_metabat_20_sub	MAG037
shRTF1_maxbin_006_sub	MAG037
shRTF3_metabat_030	MAG037
shRTF8_metabat_24	MAG037
shHF4_metabat_023	MAG037
shHF5_metabat_21	MAG037
shHF7_metabat_16	MAG037
shHC2_metabat_13	MAG037
shRTF2_metabat_18	MAG037
shRTC2_maxbin_009	MAG037
shHC1_metabat_26	MAG037
shHF3_metabat_29	MAG037
shRTF5_metabat_021	MAG037
shHC4_metabat_026	MAG037
shRTC7_metabat_12	MAG037
shRTF6_metabat_17	MAG037
shHF6_metabat_029	MAG037
shRTF7_maxbin_004_sub	MAG037
shHC6_metabat_39	MAG037
shRTC6_maxbin_004_sub	MAG037
shRTF4_maxbin_006_sub	MAG037
shHC7_metabat_21	MAG037
shRTC4_metabat_16	MAG037
shHF2_metabat_18	MAG037
shHC8_metabat_13	MAG037
shHF1_maxbin_033	MAG038
shHC1_metabat_49_sub	MAG038
shHF7_metabat_29	MAG039
shRTF8_metabat_30	MAG039
shRTF6_metabat_30_sub	MAG039
shHF5_metabat_45	MAG039
shRTF7_metabat_19	MAG039
shHF1_metabat_31	MAG039
shHF8_metabat_40	MAG039
shHF3_metabat_37	MAG039
shHF6_metabat_060	MAG039
shHF4_metabat_008_sub	MAG040
shRTF4_metabat_06_sub	MAG040
shHC4_metabat_008	MAG040
shHF2_metabat_05	MAG040
shHC7_metabat_28	MAG040
shHC2_metabat_33	MAG040
shHF3_metabat_11	MAG040
shHF5_metabat_01_sub	MAG040
shHF8_metabat_06	MAG040
shHF6_metabat_041	MAG040
shHF2_maxbin_014	MAG041
shHC4_maxbin_005	MAG041
shHF5_maxbin_023	MAG041
shRTF6_maxbin_019	MAG041
shHC1_maxbin_003	MAG041
shHF4_maxbin_016	MAG041
shRTC2_maxbin_006	MAG041
shHF1_maxbin_012	MAG041
shRTF3_maxbin_010	MAG041
shHC2_maxbin_002	MAG041
shRTF7_maxbin_016	MAG041
shRTC5_maxbin_008	MAG041
shRTF2_maxbin_007	MAG041
shRTC1_maxbin_007	MAG041
shHF7_maxbin_008	MAG041
shHC3_maxbin_007	MAG041
shHC8_maxbin_003	MAG041
shRTF4_maxbin_008	MAG041
shHC6_maxbin_008	MAG041
shHF8_maxbin_041	MAG041
shRTF8_maxbin_007	MAG041
shHC5_maxbin_005	MAG041
shRTC7_maxbin_007	MAG041
shHF3_maxbin_018	MAG041
shRTC4_maxbin_006	MAG041
shRTC8_maxbin_007	MAG041
shHF6_maxbin_008	MAG041
shHC7_maxbin_005	MAG041
shRTC3_maxbin_009	MAG041
shRTC6_metabat_01	MAG041
shRTF1_maxbin_005	MAG041
shRTF5_maxbin_009	MAG041
shRTC3_metabat_57	MAG042
shRTC8_metabat_053	MAG042
shRTF7_metabat_33	MAG042
shRTF1_metabat_49	MAG042
shRTF5_metabat_059	MAG042
shRTF2_metabat_39	MAG042
shRTF8_metabat_32	MAG042
shRTF3_metabat_042	MAG042
shRTC1_metabat_20	MAG043
shRTF2_metabat_29	MAG043
shHF5_maxbin_007	MAG044
shHC6_maxbin_006	MAG044
shHF6_metabat_014	MAG044
shHF3_maxbin_008	MAG044
shHF4_maxbin_007	MAG044
shHC2_metabat_03	MAG044
shHC4_metabat_003	MAG044
shHC3_maxbin_005	MAG044
shHF8_metabat_09	MAG044
shRTF6_metabat_06	MAG044
shHC7_metabat_01	MAG044
shHF7_metabat_07	MAG044
shRTF8_metabat_39	MAG045
shRTC3_metabat_37	MAG045
shRTC8_metabat_021	MAG045
shHC8_metabat_21	MAG045
shRTC5_metabat_26	MAG046
shRTF5_maxbin_022_sub	MAG046
shHF8_metabat_51	MAG046
shHF2_maxbin_041	MAG047
shHF6_metabat_045_sub	MAG047
shHC6_metabat_13	MAG047
shRTF3_metabat_057	MAG048
shHF4_metabat_075	MAG048
shRTC3_metabat_61	MAG048
shHC4_metabat_067_sub	MAG048
shRTC8_metabat_066	MAG048
shHF1_metabat_08	MAG049
shHF2_metabat_39	MAG049
shHF3_metabat_34	MAG049
shHF6_maxbin_032	MAG049
shHC1_metabat_50	MAG049
shHF5_metabat_15	MAG049
shHF4_metabat_011	MAG049
shHF6_metabat_065_sub	MAG050
shRTF4_metabat_43	MAG050
shRTC4_metabat_27	MAG050
shRTF6_metabat_26_sub	MAG050
shHC4_metabat_064	MAG050
shRTC1_metabat_19_sub	MAG050
shRTF8_metabat_40	MAG050
shRTF2_maxbin_012	MAG050
shRTF5_metabat_060	MAG050
shHF4_metabat_045	MAG050
shRTC8_metabat_034	MAG050
shRTF1_metabat_37	MAG050
shRTF7_metabat_36	MAG050
shRTC2_metabat_33_sub	MAG050
shHF8_metabat_54	MAG051
shRTC1_maxbin_001	MAG052
shRTC8_maxbin_001	MAG052
shRTF4_maxbin_001	MAG052
shHC6_maxbin_007_sub	MAG052
shRTC6_maxbin_001_sub	MAG052
shHF1_metabat_21	MAG052
shRTC4_maxbin_001	MAG052
shRTF5_maxbin_001_sub	MAG052
shRTC7_maxbin_001	MAG052
shRTC3_maxbin_001	MAG052
shRTC5_maxbin_001_sub	MAG052
shHF5_maxbin_008_sub	MAG052
shHC3_maxbin_009_sub	MAG052
shRTF2_maxbin_001_sub	MAG052
shHF8_maxbin_013_sub	MAG052
shHF8_metabat_61	MAG053
shHF4_metabat_060	MAG053
shRTF5_metabat_039_sub	MAG053
shRTC3_metabat_33_sub	MAG053
shRTF3_metabat_036	MAG053
shRTC5_metabat_35_sub	MAG053
shHF4_metabat_044	MAG054
shHC4_metabat_021_sub	MAG054
shRTF4_metabat_13	MAG054
shHF6_metabat_068	MAG055
shHC3_maxbin_002	MAG056
shHC1_maxbin_008_sub	MAG056
shHF1_metabat_33_sub	MAG056
shRTF3_metabat_040	MAG056
shHF5_maxbin_020_sub	MAG056
shRTF4_maxbin_024_sub	MAG056
shHF2_metabat_38	MAG057
shHC2_metabat_18	MAG057
shRTF4_metabat_44	MAG057
shHF5_metabat_29	MAG057
shHF1_maxbin_027_sub	MAG057
shHF4_maxbin_031	MAG057
shRTF3_metabat_051	MAG057
shHC2_metabat_34_sub	MAG058
shHC4_maxbin_040	MAG058
shHF6_metabat_062	MAG058
shHF4_metabat_024	MAG058
shHF2_metabat_10	MAG058
shHF8_metabat_35	MAG058
shHF4_metabat_062	MAG059
shHF3_metabat_47	MAG059
shRTF4_metabat_45	MAG059
shHF5_metabat_49	MAG059
shRTC7_metabat_09	MAG060
shRTC5_metabat_17_sub	MAG060
shRTF5_metabat_015_sub	MAG060
shRTF5_metabat_012_sub	MAG061
shHF5_maxbin_025	MAG061
shRTC5_metabat_09_sub	MAG061
shHF3_maxbin_020	MAG061
shRTF3_metabat_010	MAG061
shHC4_metabat_014	MAG061
shHF4_maxbin_011	MAG061
shHC3_metabat_04	MAG061
shRTC2_metabat_45	MAG062
shRTF1_metabat_46	MAG062
shHC2_metabat_41	MAG063
shHF6_metabat_073_sub	MAG063
shRTC2_metabat_10	MAG064
shRTC3_maxbin_017_sub	MAG064
shRTF3_metabat_012	MAG064
shRTF5_metabat_038	MAG065
shHF4_metabat_055	MAG065
shRTF6_metabat_33	MAG065
shHF2_metabat_43	MAG065
shHC1_metabat_32	MAG065
shRTF2_metabat_38	MAG065
shHF1_metabat_39	MAG065
shRTF1_metabat_33	MAG065
shHC6_metabat_28	MAG065
shHF5_metabat_47	MAG065
shRTF7_metabat_25	MAG065
shHC5_metabat_30	MAG065
shRTC7_metabat_30	MAG065
shHF3_metabat_38	MAG065
shHF6_metabat_047	MAG065
shHC4_metabat_062	MAG065
shRTC5_metabat_34	MAG065
shHF8_metabat_42	MAG065
shRTC2_metabat_38	MAG065
shHF7_metabat_30	MAG065
shRTF4_maxbin_036	MAG066
shRTF1_metabat_09	MAG066
shRTC2_metabat_15	MAG066
shRTC5_maxbin_017	MAG066
shRTC3_maxbin_012	MAG066
shRTC1_metabat_29_sub	MAG066
shRTF2_metabat_21	MAG066
shRTC7_maxbin_008	MAG066
shRTC8_maxbin_015	MAG066
shRTF3_maxbin_013	MAG066
shHF1_metabat_56	MAG066
shHF4_metabat_074	MAG066
shRTF7_metabat_37	MAG066
shHC3_metabat_38	MAG066
shRTF5_metabat_023	MAG066
shHC5_maxbin_016	MAG066
shHC1_metabat_43	MAG066
shHF6_metabat_044	MAG066
shRTF8_metabat_07	MAG066
shHC4_maxbin_043	MAG066
shHF3_maxbin_048	MAG066
shHC6_metabat_35	MAG066
shHF2_metabat_53	MAG067
shHC8_metabat_26	MAG068
shRTF3_metabat_062	MAG069
shRTF8_metabat_49_sub	MAG069
shRTC8_metabat_044_sub	MAG069
shHF6_metabat_075	MAG070
shRTC4_metabat_21	MAG071
shRTF8_metabat_08	MAG071
shHF8_metabat_50	MAG071
shRTC2_metabat_26	MAG071
shRTF2_metabat_07	MAG071
shRTF1_metabat_11	MAG071
shHF5_metabat_36	MAG071
shHF1_metabat_17	MAG071
shRTF4_metabat_19	MAG071
shRTF7_metabat_08	MAG071
shRTF3_metabat_016	MAG071
shRTF5_metabat_067	MAG071
shHF6_metabat_042	MAG071
shHC1_metabat_40	MAG071
shRTC8_metabat_028	MAG071
shHC4_metabat_074	MAG071
shHF4_metabat_057	MAG071
shHF3_metabat_44	MAG071
shRTC3_metabat_13	MAG071
shRTC1_metabat_23	MAG071
shRTF6_metabat_09	MAG071
shRTC7_metabat_25	MAG071
shHC6_metabat_33	MAG072
shHF6_metabat_009	MAG072
shHF6_metabat_020	MAG073
shHF5_metabat_25	MAG074
shHF8_metabat_13	MAG074
shHF3_metabat_52	MAG074
shHF4_metabat_039	MAG075
shHC2_metabat_22	MAG075
shHC1_metabat_22	MAG075
shHC4_maxbin_020	MAG075
shHF1_metabat_28	MAG075
shHC4_metabat_022	MAG076
shHF4_metabat_030	MAG076
shRTC5_metabat_50	MAG077
shRTF5_metabat_061	MAG077
shHF2_metabat_23	MAG078
shHC3_metabat_33	MAG078
shHF4_metabat_036	MAG078
shHF8_metabat_28	MAG078
shHC4_metabat_059	MAG078
shHF3_metabat_21	MAG078
shRTF1_metabat_61	MAG079
shHC4_metabat_052	MAG079
shHF2_metabat_34	MAG079
shHF4_metabat_048	MAG079
shHF1_metabat_42	MAG079
shHC1_metabat_33	MAG079
shHF8_metabat_46	MAG079
shRTF1_metabat_17	MAG080
shRTC2_metabat_54	MAG080
shRTF3_metabat_034	MAG080
shHF4_metabat_077	MAG080
shRTF4_metabat_09	MAG080
shHC6_metabat_45	MAG081
shHF6_maxbin_022_sub	MAG081
shRTC2_metabat_51	MAG081
shRTF4_metabat_12	MAG081
shHF3_metabat_32	MAG082
shHF5_metabat_12	MAG082
shHF8_metabat_21	MAG082
shRTF8_metabat_12	MAG083
shRTF7_metabat_09	MAG083
shHF4_maxbin_004_sub	MAG083
shRTC3_metabat_10	MAG083
shHF3_metabat_14	MAG083
shRTF6_maxbin_015_sub	MAG083
shRTC7_metabat_11	MAG083
shHF8_maxbin_005_sub	MAG083
shHC1_metabat_21	MAG083
shHF1_metabat_19	MAG083
shHC3_metabat_16	MAG083
shRTC4_metabat_06	MAG083
shHC5_maxbin_011_sub	MAG083
shHC7_metabat_15	MAG083
shRTF2_metabat_09	MAG083
shRTC2_metabat_13	MAG083
shHF4_metabat_080_sub	MAG084
shHC4_metabat_054	MAG084
shHC7_metabat_39	MAG084
shHC8_metabat_32	MAG085
shHC4_maxbin_042	MAG086
shHF8_maxbin_022	MAG087
shHF4_maxbin_026	MAG087
shHF6_metabat_001	MAG087
shRTF5_maxbin_030_sub	MAG087
shHC4_maxbin_024	MAG087
shHC1_metabat_46	MAG087
shRTC8_metabat_043	MAG087
shRTC2_metabat_19	MAG087
shHF7_metabat_31	MAG087
shHF3_maxbin_010	MAG088
shRTC3_metabat_43	MAG089
shRTF3_metabat_043	MAG089
shRTF3_metabat_045	MAG090
shHF7_metabat_26	MAG090
shRTF8_metabat_29	MAG090
shRTC7_metabat_44	MAG090
shHF1_metabat_35	MAG090
shRTC8_metabat_039	MAG090
shRTF2_metabat_27	MAG090
shRTC1_metabat_26_sub	MAG090
shHF3_metabat_41_sub	MAG090
shRTC5_metabat_48_sub	MAG090
shRTF4_metabat_48_sub	MAG090
shHC1_metabat_34	MAG090
shRTF4_metabat_07	MAG091
shRTC1_metabat_25_sub	MAG091
shRTF2_maxbin_022_sub	MAG091
shRTC2_metabat_07	MAG092
shHF7_metabat_44	MAG093
shRTC5_metabat_23	MAG094
shRTC7_metabat_18	MAG094
shRTC8_metabat_009	MAG094
shRTC6_metabat_15	MAG094
shRTF8_metabat_17	MAG094
shHC2_metabat_40	MAG094
shRTF5_metabat_016_sub	MAG094
shHC2_metabat_38_sub	MAG095
shRTF5_metabat_040_sub	MAG095
shHF6_metabat_036_sub	MAG095
shRTC2_metabat_17	MAG096
shRTF6_metabat_49_sub	MAG096
shRTF1_metabat_08	MAG096
shRTC7_metabat_08	MAG096
shRTC5_metabat_15_sub	MAG096
shHF2_metabat_31	MAG096
shRTC8_metabat_056	MAG096
shHC2_metabat_24	MAG096
shRTC6_metabat_29_sub	MAG096
shRTF5_metabat_022	MAG096
shHF6_metabat_006	MAG097
shHC2_metabat_01	MAG097
shHC6_metabat_02	MAG097
shRTC8_metabat_007	MAG097
shRTF8_metabat_15	MAG097
shHC7_metabat_12	MAG097
shHF7_metabat_38	MAG097
shHF2_maxbin_022	MAG097
shRTF8_metabat_50	MAG098
shRTC8_metabat_035_sub	MAG098
shHC2_maxbin_015	MAG099
shHF6_metabat_089	MAG099
shHF8_maxbin_014	MAG099
shHF5_metabat_13	MAG099
shHF4_metabat_028_sub	MAG099
shHF3_metabat_50	MAG099
shHF2_maxbin_012	MAG099
shHC4_metabat_034	MAG099
shHC6_metabat_17	MAG100
shHF6_maxbin_011	MAG100
shHF6_metabat_024	MAG101
shRTF3_maxbin_030	MAG102
shRTC2_metabat_28	MAG102
shRTF1_maxbin_029	MAG102
shRTC3_metabat_30	MAG102
shRTF2_metabat_02	MAG102
shRTF5_maxbin_031	MAG102
shRTC1_metabat_28	MAG102
shRTC8_metabat_063	MAG102
shRTC5_metabat_30	MAG102
shRTC8_metabat_017	MAG103
shHC4_metabat_043	MAG104
shRTC8_metabat_032	MAG104
shRTF3_metabat_035	MAG104
shRTF1_metabat_28	MAG104
shRTF8_metabat_25	MAG104
shHC2_metabat_47	MAG104
shHC1_metabat_27_sub	MAG104
shRTF2_metabat_26	MAG104
shHF5_metabat_34	MAG104
shRTF7_metabat_21	MAG104
shRTC2_metabat_29	MAG104
shHF4_metabat_043	MAG104
shRTC3_metabat_18	MAG104
shHF3_metabat_36	MAG104
shRTF4_metabat_29_sub	MAG104
shRTF5_metabat_054	MAG104
shRTF6_metabat_19	MAG104
shRTC4_metabat_30_sub	MAG104
shHF8_metabat_37_sub	MAG104
shHF1_metabat_34	MAG104
shHF6_metabat_051	MAG104
shHF2_metabat_29	MAG104
shRTF4_metabat_14_sub	MAG105
shRTC4_maxbin_003	MAG105
shRTC1_metabat_10_sub	MAG105
shHF4_metabat_053_sub	MAG105
shRTF5_metabat_036_sub	MAG105
shRTF2_metabat_19_sub	MAG105
shHC4_metabat_057	MAG105
shRTC7_metabat_19	MAG105
shHC7_maxbin_011	MAG105
shHC8_maxbin_008_sub	MAG106
shHC1_metabat_39_sub	MAG107
shHF6_metabat_064	MAG107
shHC4_metabat_041	MAG108
shHF8_metabat_26_sub	MAG109
shHF4_metabat_027	MAG110
shHC4_metabat_028	MAG110
shHF4_maxbin_048	MAG111
shHC1_metabat_18_sub	MAG111
shHC4_maxbin_037	MAG111
shHC6_maxbin_015_sub	MAG111
shHF1_maxbin_026	MAG111
shHF6_maxbin_025	MAG111
shRTF1_metabat_12	MAG112
shHF6_metabat_037	MAG112
shRTC2_metabat_16_sub	MAG112
shRTF8_metabat_16	MAG112
shRTC7_metabat_13	MAG112
shHC1_metabat_14	MAG112
shRTC6_metabat_07	MAG112
shRTF2_metabat_12	MAG112
shRTC3_metabat_16	MAG112
shRTF7_metabat_15	MAG112
shRTC5_metabat_27	MAG112
shRTF3_metabat_020	MAG112
shHF4_metabat_029	MAG112
shRTC4_metabat_10	MAG112
shHF8_metabat_24	MAG112
shHF3_metabat_24	MAG112
shRTF5_metabat_029	MAG112
shHC2_metabat_27	MAG112
shRTC8_metabat_027	MAG112
shRTF6_metabat_22	MAG112
shHC4_metabat_029	MAG112
shHF2_metabat_20	MAG112
shRTC1_metabat_08	MAG112
shHF5_metabat_41	MAG112
shRTF4_metabat_22_sub	MAG112
shHF3_metabat_27	MAG113
shHF5_metabat_22	MAG113
shRTC3_metabat_58_sub	MAG114
shRTF3_metabat_026	MAG114
shHF4_metabat_070_sub	MAG115
shHC4_metabat_066_sub	MAG115
shHC8_metabat_01	MAG116
shRTF3_metabat_041	MAG116
shRTC3_metabat_62	MAG116
shHF7_metabat_32	MAG117
shHC5_metabat_26	MAG117
shHF4_metabat_056	MAG118
shHC4_metabat_056_sub	MAG118
shHF6_metabat_061	MAG118
shHC3_metabat_27_sub	MAG118
shHF2_metabat_50_sub	MAG118
shRTF2_metabat_01	MAG119
shRTF8_metabat_01	MAG119
shRTC4_metabat_25	MAG119
shHF6_metabat_003	MAG119
shRTC5_metabat_10	MAG119
shHF1_metabat_01	MAG119
shRTF1_metabat_01	MAG119
shHF8_metabat_23	MAG119
shRTF7_metabat_29	MAG119
shRTC7_metabat_16	MAG119
shRTF5_metabat_002	MAG119
shRTF3_metabat_001	MAG119
shHC6_metabat_15	MAG119
shHF7_metabat_08	MAG119
shHC1_metabat_02	MAG119
shHC5_metabat_32_sub	MAG119
shHF2_metabat_32	MAG119
shRTC8_metabat_001	MAG119
shHF4_metabat_013	MAG119
shHF3_metabat_01	MAG119
shRTC6_metabat_13	MAG119
shHF5_maxbin_033	MAG119
shHC4_metabat_005	MAG119
shRTC2_metabat_01	MAG119
shRTC3_metabat_03	MAG119
shRTC1_metabat_03	MAG119
shRTF4_metabat_01	MAG119
shRTF6_metabat_02	MAG119
shHF4_metabat_042	MAG120
shHC4_metabat_038	MAG120
shHC1_metabat_57	MAG120
shRTF5_metabat_069	MAG121
shRTF1_maxbin_015	MAG121
shRTC2_metabat_30_sub	MAG121
shHF6_maxbin_031	MAG122
shHF8_metabat_01_sub	MAG122
shRTC3_metabat_39	MAG123
shRTF3_metabat_066	MAG123
shRTF1_metabat_41	MAG124
shRTC2_metabat_27_sub	MAG124
shRTF2_metabat_23_sub	MAG125
shRTF4_metabat_38	MAG125
shRTF4_maxbin_010	MAG126
shRTF6_metabat_01	MAG126
shRTF5_maxbin_014	MAG126
shRTF7_maxbin_008	MAG126
shRTF8_maxbin_010	MAG126
shRTF3_metabat_037	MAG126
shHC1_maxbin_002	MAG126
shHF5_maxbin_010	MAG126
shHF2_metabat_06	MAG126
shRTC8_maxbin_013	MAG126
shRTC4_maxbin_005	MAG126
shHF4_maxbin_005	MAG126
shHF7_metabat_05	MAG126
shRTC3_metabat_25	MAG126
shHF1_maxbin_007	MAG126
shRTC5_metabat_03	MAG126
shRTF1_metabat_03	MAG126
shHF6_maxbin_005	MAG126
shRTC7_maxbin_010	MAG126
shHC6_maxbin_004	MAG126
shHC7_maxbin_003	MAG126
shHF3_maxbin_009	MAG126
shHF8_maxbin_004	MAG126
shHC4_metabat_006	MAG126
shHC3_maxbin_006	MAG126
shHC5_maxbin_009	MAG126
shRTF2_metabat_04	MAG126
shRTC2_maxbin_008	MAG126
shHC2_maxbin_007	MAG126
shRTC1_maxbin_009	MAG126
shHF4_metabat_018_sub	MAG127
shHC4_metabat_019	MAG127
shHC5_maxbin_002_sub	MAG128
shHF7_maxbin_001_sub	MAG128
shHC8_maxbin_001_sub	MAG128
shRTC3_metabat_34_sub	MAG129
shRTF3_metabat_033	MAG129
shRTF4_metabat_10_sub	MAG130
shRTC2_metabat_37	MAG131
shHF5_metabat_58_sub	MAG132
shRTF3_maxbin_028_sub	MAG132
shRTF4_metabat_08	MAG132
shRTC3_metabat_06	MAG132
shHF8_metabat_29	MAG132
shRTF5_metabat_006_sub	MAG132
shHF7_metabat_22	MAG132
shHF2_metabat_42	MAG132
shRTC2_metabat_08	MAG132
shHF4_metabat_041	MAG132
shHC1_metabat_17	MAG132
shHC4_metabat_037	MAG132
shRTC7_metabat_38	MAG132
shRTC8_metabat_003	MAG132
shRTF6_metabat_25_sub	MAG132
shRTF8_metabat_04	MAG132
shHF1_metabat_11	MAG132
shRTC5_metabat_25	MAG132
shRTF1_metabat_23	MAG132
shHF6_metabat_072	MAG133
shHF4_metabat_061	MAG134
shRTF6_metabat_10	MAG134
shRTC8_metabat_046	MAG134
shRTF5_maxbin_021	MAG135
shHC7_metabat_31	MAG135
shHF1_metabat_15	MAG135
shHF6_metabat_023	MAG135
shHC2_metabat_29	MAG135
shHC1_metabat_51	MAG135
shHC6_metabat_26_sub	MAG135
shRTF8_metabat_53	MAG135
shRTF3_metabat_059	MAG135
shRTC5_metabat_42	MAG135
shRTC8_metabat_048	MAG135
shRTC4_maxbin_007	MAG136
shHF3_maxbin_014	MAG136
shRTC5_maxbin_003	MAG136
shHF6_maxbin_004	MAG136
shRTF4_maxbin_007	MAG136
shHC8_maxbin_005_sub	MAG136
shRTF7_maxbin_009	MAG136
shHC3_maxbin_010_sub	MAG136
shHF4_maxbin_013	MAG136
shRTC7_maxbin_004_sub	MAG136
shHF5_maxbin_019	MAG136
shHF1_maxbin_008	MAG136
shRTF6_maxbin_010	MAG136
shRTF2_maxbin_004	MAG136
shHF7_maxbin_011_sub	MAG136
shRTF3_maxbin_008	MAG136
shHC2_maxbin_010	MAG136
shHC6_maxbin_002	MAG136
shRTC2_maxbin_010	MAG136
shHC7_maxbin_009_sub	MAG136
shHF2_maxbin_013_sub	MAG136
shRTC1_maxbin_004	MAG136
shRTC8_maxbin_004	MAG136
shHC5_maxbin_004	MAG136
shRTF5_maxbin_003	MAG136
shHC4_maxbin_010_sub	MAG136
shRTF8_maxbin_005	MAG136
shRTF1_maxbin_009_sub	MAG136
shHF8_metabat_11	MAG136
shRTC3_maxbin_007	MAG136
shHC5_metabat_22_sub	MAG137
shRTF8_metabat_11_sub	MAG137
shRTC6_maxbin_002	MAG137
shRTF7_metabat_22_sub	MAG137
shHF1_metabat_16_sub	MAG137
shRTC8_metabat_015	MAG137
shHF4_maxbin_010	MAG137
shHF3_metabat_17	MAG137
shHC8_metabat_14	MAG137
shHC6_maxbin_001	MAG137
shRTF2_maxbin_002	MAG137
shHC4_metabat_051	MAG137
shRTC7_metabat_17	MAG137
shRTF6_metabat_13_sub	MAG137
shHC7_metabat_22	MAG137
shHC1_metabat_12	MAG137
shRTF4_metabat_30_sub	MAG137
shRTC2_maxbin_003	MAG137
shRTC1_metabat_05	MAG137
shRTF3_maxbin_004	MAG137
shHF8_metabat_39_sub	MAG137
shRTC3_maxbin_003	MAG137
shRTF5_maxbin_002	MAG137
shHF7_metabat_14	MAG137
shRTF1_maxbin_003	MAG137
shHC2_maxbin_004_sub	MAG137
shHC3_metabat_14	MAG137
shHF5_maxbin_009	MAG137
shRTC5_maxbin_002	MAG137
shHF6_maxbin_003	MAG137
shRTC4_metabat_19_sub	MAG137
shHF4_metabat_072	MAG138
shHC3_metabat_26	MAG138
shHF1_metabat_44	MAG138
shRTF1_metabat_15_sub	MAG138
shRTF7_metabat_27	MAG138
shRTF4_metabat_40_sub	MAG138
shHF6_metabat_077	MAG138
shHF8_metabat_57	MAG138
shRTF3_metabat_014	MAG138
shRTF6_metabat_14_sub	MAG138
shRTF8_metabat_13	MAG138
shRTC3_metabat_22	MAG138
shRTF2_metabat_14	MAG138
shHF3_metabat_18	MAG138
shHF5_metabat_23	MAG138
shRTF5_metabat_037	MAG138
shHC3_metabat_31	MAG139
shRTF1_metabat_31	MAG139
shHC2_metabat_32	MAG139
shRTF8_metabat_35	MAG139
shRTF2_metabat_45	MAG139
shRTF3_metabat_025	MAG139
shRTF7_metabat_18_sub	MAG139
shRTF4_metabat_26	MAG139
shRTC2_metabat_46	MAG139
shHF6_metabat_069	MAG139
shRTF6_metabat_29	MAG139
shRTF5_metabat_042	MAG139
shHF2_metabat_27	MAG139
shHF3_metabat_26	MAG139
shHF4_metabat_026	MAG139
shHF5_metabat_33	MAG139
shRTC3_metabat_38	MAG139
shRTF5_metabat_033	MAG140
shHC7_maxbin_013	MAG140
shRTF4_maxbin_032	MAG141
shRTF2_maxbin_040	MAG141
shRTF5_metabat_055	MAG141
shRTF3_metabat_061	MAG141
shHF1_metabat_57	MAG142
shRTF8_metabat_18	MAG143
shHF4_metabat_059_sub	MAG143
shRTF5_metabat_030	MAG143
shRTF2_metabat_36_sub	MAG143
shRTF3_metabat_024	MAG143
shRTC3_metabat_19	MAG143
shRTC7_metabat_27	MAG143
shRTC2_metabat_49	MAG143
shRTC8_metabat_020	MAG143
shHC4_metabat_046	MAG143
shRTC5_metabat_33_sub	MAG143
shRTF8_metabat_33	MAG144
shRTC8_metabat_037	MAG144
shHF5_metabat_43	MAG145
shHF3_metabat_51	MAG145
shRTF1_metabat_45	MAG145
shHC4_metabat_063	MAG145
shHF7_metabat_27	MAG145
shHF1_metabat_49	MAG145
shHF4_metabat_051	MAG145
shHF4_metabat_050	MAG146
shHF2_metabat_52_sub	MAG146
shRTC2_metabat_04	MAG146
shRTF1_metabat_06	MAG146
shHC4_metabat_011	MAG146
shHF2_metabat_56_sub	MAG147
